{
  "kind": "collectionType",
  "collectionName": "fines",
  "info": {
    "singularName": "fine",
    "pluralName": "fines",
    "displayName": "Fine",
    "description": ""
  },
  "options": {
    "draftAndPublish": true
  },
  "pluginOptions": {},
  "attributes": {
    "modda": {
      "type": "text"
    },
    "summa": {
      "type": "biginteger"
    },
    "address": {
      "type": "string"
    },
    "Tavsif": {
      "type": "string"
    },
    "car": {
      "type": "relation",
      "relation": "manyToOne",
      "target": "api::car.car",
      "inversedBy": "fines"
    },
    "is_payment": {
      "type": "boolean"
    }
  }
}
