{
  "kind": "collectionType",
  "collectionName": "cars",
  "info": {
    "singularName": "car",
    "pluralName": "cars",
    "displayName": "Car",
    "description": ""
  },
  "options": {
    "draftAndPublish": true
  },
  "pluginOptions": {},
  "attributes": {
    "number": {
      "type": "string"
    },
    "Tachniche": {
      "type": "string"
    },
    "Brand": {
      "type": "string"
    },
    "Model": {
      "type": "string"
    },
    "image": {
      "type": "media",
      "multiple": false,
      "required": false,
      "allowedTypes": [
        "images",
        "files",
        "videos",
        "audios"
      ]
    },
    "fines": {
      "type": "relation",
      "relation": "oneToMany",
      "target": "api::fine.fine",
      "mappedBy": "car"
    },
    "users_permissions_user": {
      "type": "relation",
      "relation": "manyToOne",
      "target": "plugin::users-permissions.user",
      "inversedBy": "cars"
    }
  }
}
